{
    "targets": [
        [8.113032760578143, 39.168593278617834, 1.3665534630968097], 
        [23.712653965230626, -32.213507134822066, 5.34694044198863]
    ],
    "hotspots": [
        [6.841043593283083, 38.333783008547115,  1.394195541969412], 
        [12.131801481182228, 38.35058595623387,  1.264417472358447], 
        [25.02048364514317, -31.534808856366112, 5.383107468454627], 
        [15.37614833065764, -36.73342269595082,  5.108815594533615], 
        [8.263076986485471, -38.758808198987445, 4.922436607843015]
    ]
}
